{
  "name": "Exported Patch",
  "timestamp": 1764130344130,
  "modules": {
    "osc-1": {
      "freq": 440,
      "type": "sawtooth",
      "level": 0.5
    },
    "amp-1": {
      "gain": 0.5
    },
    "lfo-1": {
      "freq": 0.48496113864372825,
      "amount": 224,
      "type": "sine"
    },
    "lfo-2": {
      "freq": 0.16896702968622096,
      "amount": 740,
      "type": "sine"
    },
    "lfo-3": {
      "freq": 0.1,
      "amount": 0,
      "type": "sine"
    },
    "random-1": {
      "rate": 0.1,
      "level": 0
    },
    "osc-2": {
      "freq": 64.27754173612836,
      "type": "sine",
      "level": 1
    },
    "osc-3": {
      "freq": 20,
      "type": "sawtooth",
      "level": 0
    },
    "osc-4": {
      "freq": 20,
      "type": "sawtooth",
      "level": 0
    },
    "filter-1": {
      "cutoff": 827.999349639461,
      "res": 0.3681742229846698,
      "type": "bandpass"
    },
    "filter-2": {
      "cutoff": 20,
      "res": 0.1,
      "type": "lowpass"
    },
    "dist-1": {
      "drive": 0.98,
      "amount": 50,
      "oversample": "2x"
    },
    "delay-1": {
      "time": 0.01,
      "feedback": 0.001
    },
    "master": {
      "volume": -6,
      "pan": 0,
      "isMuted": true
    }
  },
  "connections": [
    {
      "sourceId": "lfo-1",
      "sourceNode": "output",
      "destId": "osc-1",
      "destInput": "pitch"
    },
    {
      "sourceId": "osc-1",
      "sourceNode": "output",
      "destId": "filter-1",
      "destInput": "input"
    },
    {
      "sourceId": "osc-2",
      "sourceNode": "output",
      "destId": "filter-1",
      "destInput": "input"
    },
    {
      "sourceId": "amp-1",
      "sourceNode": "output",
      "destId": "master",
      "destInput": "input"
    },
    {
      "sourceId": "lfo-2",
      "sourceNode": "output",
      "destId": "filter-1",
      "destInput": "cutoff"
    },
    {
      "sourceId": "filter-1",
      "sourceNode": "output",
      "destId": "dist-1",
      "destInput": "input"
    },
    {
      "sourceId": "dist-1",
      "sourceNode": "output",
      "destId": "amp-1",
      "destInput": "input"
    }
  ]
}