{
  "name": "Exported Patch",
  "patchID": 1764253778137,
  "modules": {
    "lfo-1": {
      "freq": 2.81312693166102,
      "amount": 136,
      "type": "sine"
    },
    "lfo-2": {
      "freq": 0.1371595217811076,
      "amount": 898,
      "type": "sine"
    },
    "lfo-3": {
      "freq": 0.1,
      "amount": 0,
      "type": "sine"
    },
    "random-1": {
      "rate": 0.27656534450503845,
      "level": 0.55
    },
    "osc-1": {
      "freq": 109.87554031618731,
      "type": "sawtooth",
      "level": 0.5
    },
    "osc-2": {
      "freq": 164.87864729479588,
      "type": "sawtooth",
      "level": 0.7
    },
    "osc-3": {
      "freq": 20,
      "type": "sawtooth",
      "level": 0
    },
    "osc-4": {
      "freq": 20,
      "type": "sawtooth",
      "level": 0
    },
    "filter-1": {
      "cutoff": 1004.6851790447738,
      "res": 2.8161053475038407,
      "type": "lowpass"
    },
    "filter-2": {
      "cutoff": 20,
      "res": 0.1,
      "type": "lowpass"
    },
    "dist-1": {
      "drive": 0,
      "amount": 0,
      "oversample": "4x"
    },
    "delay-1": {
      "time": 0.01,
      "feedback": 0.001
    },
    "amp-1": {
      "gain": 0.7
    },
    "master": {
      "volume": -6,
      "pan": 0,
      "isMuted": false
    }
  },
  "connections": [
    {
      "sourceId": "amp-1",
      "sourceNode": "output",
      "destId": "master",
      "destInput": "input"
    },
    {
      "sourceId": "filter-1",
      "sourceNode": "output",
      "destId": "amp-1",
      "destInput": "input"
    },
    {
      "sourceId": "osc-1",
      "sourceNode": "output",
      "destId": "filter-1",
      "destInput": "input"
    },
    {
      "sourceId": "lfo-1",
      "sourceNode": "output",
      "destId": "filter-1",
      "destInput": "cutoff"
    },
    {
      "sourceId": "osc-2",
      "sourceNode": "output",
      "destId": "filter-1",
      "destInput": "input"
    },
    {
      "sourceId": "lfo-2",
      "sourceNode": "output",
      "destId": "filter-1",
      "destInput": "cutoff"
    }
  ]
}