{
  "name": "Drone",
  "patchID": 1764380806525,
  "modules": {
    "osc-1": {
      "freq": 78.93670621051633,
      "type": "sawtooth",
      "level": 0.45
    },
    "osc-2": {
      "freq": 39.93287598451865,
      "type": "sawtooth",
      "level": 0.4
    },
    "osc-3": {
      "freq": 118.45199854711639,
      "type": "triangle",
      "level": 0.7
    },
    "osc-4": {
      "freq": 119.04700775387766,
      "type": "triangle",
      "level": 1
    },
    "filter-1": {
      "cutoff": 420.7556879532951,
      "res": 9.781173132681985,
      "type": "lowpass"
    },
    "filter-2": {
      "cutoff": 822.2994422090447,
      "res": 0.3174128752122851,
      "type": "bandpass"
    },
    "distort": {
      "drive": 0,
      "amount": 0,
      "oversample": "4x"
    },
    "delay": {
      "time": 0.4016223814304065,
      "feedback": 0.2
    },
    "random": {
      "rate": 0.1,
      "level": 0
    },
    "lfo-1": {
      "freq": 2.826627043669838,
      "amount": 0.0498884487460012,
      "type": "sawtooth"
    },
    "lfo-2": {
      "freq": 0.12463566559891824,
      "amount": 0.09954054173515271,
      "type": "sine"
    },
    "lfo-3": {
      "freq": 0.14388574662614773,
      "amount": 0.5445026528424213,
      "type": "sine"
    },
    "amp": {
      "gain": 0.8
    },
    "speaker": {
      "volume": -8,
      "pan": 0,
      "isMuted": false
    }
  },
  "connections": [
    {
      "sourceId": "osc-1",
      "sourceNode": "output",
      "destId": "filter-1",
      "destInput": "input"
    },
    {
      "sourceId": "osc-2",
      "sourceNode": "output",
      "destId": "filter-1",
      "destInput": "input"
    },
    {
      "sourceId": "osc-3",
      "sourceNode": "output",
      "destId": "filter-2",
      "destInput": "input"
    },
    {
      "sourceId": "osc-4",
      "sourceNode": "output",
      "destId": "amp",
      "destInput": "input"
    },
    {
      "sourceId": "filter-1",
      "sourceNode": "output",
      "destId": "amp",
      "destInput": "input"
    },
    {
      "sourceId": "filter-2",
      "sourceNode": "output",
      "destId": "amp",
      "destInput": "input"
    },
    {
      "sourceId": "lfo-1",
      "sourceNode": "output",
      "destId": "osc-1",
      "destInput": "pitch"
    },
    {
      "sourceId": "lfo-2",
      "sourceNode": "output",
      "destId": "osc-2",
      "destInput": "pitch"
    },
    {
      "sourceId": "lfo-2",
      "sourceNode": "output",
      "destId": "osc-3",
      "destInput": "level"
    },
    {
      "sourceId": "amp",
      "sourceNode": "output",
      "destId": "delay",
      "destInput": "input"
    },
    {
      "sourceId": "delay",
      "sourceNode": "output",
      "destId": "speaker",
      "destInput": "input"
    },
    {
      "sourceId": "lfo-3",
      "sourceNode": "output",
      "destId": "osc-4",
      "destInput": "level"
    }
  ]
}